series_id,series_name,year,period,period_name,value,pct_change_1yr
CUUR0000SA0,CPI_All_Items,2026,M02,February,326.785,0.5
CUUR0000SA0,CPI_All_Items,2026,M01,January,325.252,0.4
CUUR0000SA0,CPI_All_Items,2025,M13,Annual,321.943,-0.7
CUUR0000SA0,CPI_All_Items,2025,M12,December,324.054,0.0
CUUR0000SA0,CPI_All_Items,2025,M11,November,324.122,
CUUR0000SA0,CPI_All_Items,2025,M10,October,,
CUUR0000SA0,CPI_All_Items,2025,M09,September,324.8,0.3
CUUR0000SA0,CPI_All_Items,2025,M08,August,323.976,0.3
CUUR0000SA0,CPI_All_Items,2025,M07,July,323.048,0.2
CUUR0000SA0,CPI_All_Items,2025,M06,June,322.561,0.3
CUUR0000SA0,CPI_All_Items,2025,M05,May,321.465,0.2
CUUR0000SA0,CPI_All_Items,2025,M04,April,320.795,0.3
CUUR0000SA0,CPI_All_Items,2025,M03,March,319.799,0.2
CUUR0000SA0,CPI_All_Items,2025,M02,February,319.082,0.4
CUUR0000SA0,CPI_All_Items,2025,M01,January,317.671,0.7
CUUR0000SA0,CPI_All_Items,2024,M13,Annual,313.689,-0.6
CUUR0000SA0,CPI_All_Items,2024,M12,December,315.605,0.0
CUUR0000SA0,CPI_All_Items,2024,M11,November,315.493,-0.1
CUUR0000SA0,CPI_All_Items,2024,M10,October,315.664,0.1
CUUR0000SA0,CPI_All_Items,2024,M09,September,315.301,0.2
CUUR0000SA0,CPI_All_Items,2024,M08,August,314.796,0.1
CUUR0000SA0,CPI_All_Items,2024,M07,July,314.54,0.1
CUUR0000SA0,CPI_All_Items,2024,M06,June,314.175,0.0
CUUR0000SA0,CPI_All_Items,2024,M05,May,314.069,0.2
CUUR0000SA0,CPI_All_Items,2024,M04,April,313.548,0.4
CUUR0000SA0,CPI_All_Items,2024,M03,March,312.332,0.6
CUUR0000SA0,CPI_All_Items,2024,M02,February,310.326,0.6
CUUR0000SA0,CPI_All_Items,2024,M01,January,308.417,0.5
CUUR0000SA0,CPI_All_Items,2023,M13,Annual,304.702,-0.7
CUUR0000SA0,CPI_All_Items,2023,M12,December,306.746,-0.1
CUUR0000SA0,CPI_All_Items,2023,M11,November,307.051,-0.2
CUUR0000SA0,CPI_All_Items,2023,M10,October,307.671,0.0
CUUR0000SA0,CPI_All_Items,2023,M09,September,307.789,0.2
CUUR0000SA0,CPI_All_Items,2023,M08,August,307.026,0.4
CUUR0000SA0,CPI_All_Items,2023,M07,July,305.691,0.2
CUUR0000SA0,CPI_All_Items,2023,M06,June,305.109,0.3
CUUR0000SA0,CPI_All_Items,2023,M05,May,304.127,0.3
CUUR0000SA0,CPI_All_Items,2023,M04,April,303.363,0.5
CUUR0000SA0,CPI_All_Items,2023,M03,March,301.836,0.3
CUUR0000SA0,CPI_All_Items,2023,M02,February,300.84,0.6
CUUR0000SA0,CPI_All_Items,2023,M01,January,299.17,0.8
CUUR0000SA0,CPI_All_Items,2022,M13,Annual,292.655,-1.4
CUUR0000SA0,CPI_All_Items,2022,M12,December,296.797,-0.3
CUUR0000SA0,CPI_All_Items,2022,M11,November,297.711,-0.1
CUUR0000SA0,CPI_All_Items,2022,M10,October,298.012,0.4
CUUR0000SA0,CPI_All_Items,2022,M09,September,296.808,0.2
CUUR0000SA0,CPI_All_Items,2022,M08,August,296.171,0.0
CUUR0000SA0,CPI_All_Items,2022,M07,July,296.276,0.0
CUUR0000SA0,CPI_All_Items,2022,M06,June,296.311,1.4
CUUR0000SA0,CPI_All_Items,2022,M05,May,292.296,1.1
CUUR0000SA0,CPI_All_Items,2022,M04,April,289.109,0.6
CUUR0000SA0,CPI_All_Items,2022,M03,March,287.504,1.3
CUUR0000SA0,CPI_All_Items,2022,M02,February,283.716,0.9
CUUR0000SA0,CPI_All_Items,2022,M01,January,281.148,0.8
CUUR0000SA0,CPI_All_Items,2021,M13,Annual,270.97,-2.8
CUUR0000SA0,CPI_All_Items,2021,M12,December,278.802,0.3
CUUR0000SA0,CPI_All_Items,2021,M11,November,277.948,0.5
CUUR0000SA0,CPI_All_Items,2021,M10,October,276.589,0.8
CUUR0000SA0,CPI_All_Items,2021,M09,September,274.31,0.3
CUUR0000SA0,CPI_All_Items,2021,M08,August,273.567,0.2
CUUR0000SA0,CPI_All_Items,2021,M07,July,273.003,0.5
CUUR0000SA0,CPI_All_Items,2021,M06,June,271.696,0.9
CUUR0000SA0,CPI_All_Items,2021,M05,May,269.195,0.8
CUUR0000SA0,CPI_All_Items,2021,M04,April,267.054,0.8
CUUR0000SA0,CPI_All_Items,2021,M03,March,264.877,0.7
CUUR0000SA0,CPI_All_Items,2021,M02,February,263.014,0.5
CUUR0000SA0,CPI_All_Items,2021,M01,January,261.582,0.4
CUUR0000SA0,CPI_All_Items,2020,M13,Annual,258.811,-0.6
CUUR0000SA0,CPI_All_Items,2020,M12,December,260.474,0.1
CUUR0000SA0,CPI_All_Items,2020,M11,November,260.229,-0.1
CUUR0000SA0,CPI_All_Items,2020,M10,October,260.388,0.0
CUUR0000SA0,CPI_All_Items,2020,M09,September,260.28,0.1
CUUR0000SA0,CPI_All_Items,2020,M08,August,259.918,0.3
CUUR0000SA0,CPI_All_Items,2020,M07,July,259.101,0.5
CUUR0000SA0,CPI_All_Items,2020,M06,June,257.797,0.5
CUUR0000SA0,CPI_All_Items,2020,M05,May,256.394,0.0
CUUR0000SA0,CPI_All_Items,2020,M04,April,256.389,-0.7
CUUR0000SA0,CPI_All_Items,2020,M03,March,258.115,-0.2
CUUR0000SA0,CPI_All_Items,2020,M02,February,258.678,0.3
CUUR0000SA0,CPI_All_Items,2020,M01,January,257.971,0.4
CUUR0000SA0,CPI_All_Items,2019,M13,Annual,255.657,-0.5
CUUR0000SA0,CPI_All_Items,2019,M12,December,256.974,-0.1
CUUR0000SA0,CPI_All_Items,2019,M11,November,257.208,-0.1
CUUR0000SA0,CPI_All_Items,2019,M10,October,257.346,0.2
CUUR0000SA0,CPI_All_Items,2019,M09,September,256.759,0.1
CUUR0000SA0,CPI_All_Items,2019,M08,August,256.558,0.0
CUUR0000SA0,CPI_All_Items,2019,M07,July,256.571,0.2
CUUR0000SA0,CPI_All_Items,2019,M06,June,256.143,0.0
CUUR0000SA0,CPI_All_Items,2019,M05,May,256.092,0.2
CUUR0000SA0,CPI_All_Items,2019,M04,April,255.548,0.5
CUUR0000SA0,CPI_All_Items,2019,M03,March,254.202,0.6
CUUR0000SA0,CPI_All_Items,2019,M02,February,252.776,0.4
CUUR0000SA0,CPI_All_Items,2019,M01,January,251.712,0.2
CUUR0000SA0,CPI_All_Items,2018,M13,Annual,251.107,-0.1
CUUR0000SA0,CPI_All_Items,2018,M12,December,251.233,-0.3
CUUR0000SA0,CPI_All_Items,2018,M11,November,252.038,-0.3
CUUR0000SA0,CPI_All_Items,2018,M10,October,252.885,0.2
CUUR0000SA0,CPI_All_Items,2018,M09,September,252.439,0.1
CUUR0000SA0,CPI_All_Items,2018,M08,August,252.146,0.1
CUUR0000SA0,CPI_All_Items,2018,M07,July,252.006,0.0
CUUR0000SA0,CPI_All_Items,2018,M06,June,251.989,0.2
CUUR0000SA0,CPI_All_Items,2018,M05,May,251.588,0.4
CUUR0000SA0,CPI_All_Items,2018,M04,April,250.546,0.4
CUUR0000SA0,CPI_All_Items,2018,M03,March,249.554,0.2
CUUR0000SA0,CPI_All_Items,2018,M02,February,248.991,0.5
CUUR0000SA0,CPI_All_Items,2018,M01,January,247.867,0.5
CUUR0000SA0,CPI_All_Items,2017,M13,Annual,245.12,-0.6
CUUR0000SA0,CPI_All_Items,2017,M12,December,246.524,-0.1
CUUR0000SA0,CPI_All_Items,2017,M11,November,246.669,0.0
CUUR0000SA0,CPI_All_Items,2017,M10,October,246.663,-0.1
CUUR0000SA0,CPI_All_Items,2017,M09,September,246.819,0.5
CUUR0000SA0,CPI_All_Items,2017,M08,August,245.519,0.3
CUUR0000SA0,CPI_All_Items,2017,M07,July,244.786,-0.1
CUUR0000SA0,CPI_All_Items,2017,M06,June,244.955,0.1
CUUR0000SA0,CPI_All_Items,2017,M05,May,244.733,0.1
CUUR0000SA0,CPI_All_Items,2017,M04,April,244.524,0.3
CUUR0000SA0,CPI_All_Items,2017,M03,March,243.801,0.1
CUUR0000SA0,CPI_All_Items,2017,M02,February,243.603,0.3
CUUR0000SA0,CPI_All_Items,2017,M01,January,242.839,0.6
CUUR0000SA0,CPI_All_Items,2016,M13,Annual,240.007,-0.6
CUUR0000SA0,CPI_All_Items,2016,M12,December,241.432,0.0
CUUR0000SA0,CPI_All_Items,2016,M11,November,241.353,-0.2
CUUR0000SA0,CPI_All_Items,2016,M10,October,241.729,0.1
CUUR0000SA0,CPI_All_Items,2016,M09,September,241.428,0.2
CUUR0000SA0,CPI_All_Items,2016,M08,August,240.849,0.1
CUUR0000SA0,CPI_All_Items,2016,M07,July,240.628,-0.2
CUUR0000SA0,CPI_All_Items,2016,M06,June,241.018,0.3
CUUR0000SA0,CPI_All_Items,2016,M05,May,240.229,0.4
CUUR0000SA0,CPI_All_Items,2016,M04,April,239.261,0.5
CUUR0000SA0,CPI_All_Items,2016,M03,March,238.132,0.4
CUUR0000SA0,CPI_All_Items,2016,M02,February,237.111,0.1
CUUR0000SA0,CPI_All_Items,2016,M01,January,236.916,0.2
CUUR0000SAH1,CPI_Shelter,2026,M02,February,422.776,0.3
CUUR0000SAH1,CPI_Shelter,2026,M01,January,421.526,0.3
CUUR0000SAH1,CPI_Shelter,2025,M13,Annual,415.164,-1.2
CUUR0000SAH1,CPI_Shelter,2025,M12,December,420.134,0.4
CUUR0000SAH1,CPI_Shelter,2025,M11,November,418.593,
CUUR0000SAH1,CPI_Shelter,2025,M10,October,,
CUUR0000SAH1,CPI_Shelter,2025,M09,September,418.598,0.2
CUUR0000SAH1,CPI_Shelter,2025,M08,August,417.902,0.4
CUUR0000SAH1,CPI_Shelter,2025,M07,July,416.271,0.2
CUUR0000SAH1,CPI_Shelter,2025,M06,June,415.455,0.2
CUUR0000SAH1,CPI_Shelter,2025,M05,May,414.689,0.3
CUUR0000SAH1,CPI_Shelter,2025,M04,April,413.389,0.3
CUUR0000SAH1,CPI_Shelter,2025,M03,March,411.99,0.3
CUUR0000SAH1,CPI_Shelter,2025,M02,February,410.635,0.4
CUUR0000SAH1,CPI_Shelter,2025,M01,January,409.153,0.5
CUUR0000SAH1,CPI_Shelter,2024,M13,Annual,400.561,-1.6
CUUR0000SAH1,CPI_Shelter,2024,M12,December,407.242,0.2
CUUR0000SAH1,CPI_Shelter,2024,M11,November,406.25,0.2
CUUR0000SAH1,CPI_Shelter,2024,M10,October,405.287,0.3
CUUR0000SAH1,CPI_Shelter,2024,M09,September,404.133,0.2
CUUR0000SAH1,CPI_Shelter,2024,M08,August,403.257,0.4
CUUR0000SAH1,CPI_Shelter,2024,M07,July,401.545,0.3
CUUR0000SAH1,CPI_Shelter,2024,M06,June,400.234,0.2
CUUR0000SAH1,CPI_Shelter,2024,M05,May,399.274,0.4
CUUR0000SAH1,CPI_Shelter,2024,M04,April,397.539,0.3
CUUR0000SAH1,CPI_Shelter,2024,M03,March,396.174,0.6
CUUR0000SAH1,CPI_Shelter,2024,M02,February,393.906,0.5
CUUR0000SAH1,CPI_Shelter,2024,M01,January,391.896,0.6
CUUR0000SAH1,CPI_Shelter,2023,M13,Annual,380.643,-2.3
CUUR0000SAH1,CPI_Shelter,2023,M12,December,389.433,0.4
CUUR0000SAH1,CPI_Shelter,2023,M11,November,387.892,0.4
CUUR0000SAH1,CPI_Shelter,2023,M10,October,386.435,0.3
CUUR0000SAH1,CPI_Shelter,2023,M09,September,385.433,0.6
CUUR0000SAH1,CPI_Shelter,2023,M08,August,383.221,0.3
CUUR0000SAH1,CPI_Shelter,2023,M07,July,382.226,0.4
CUUR0000SAH1,CPI_Shelter,2023,M06,June,380.594,0.5
CUUR0000SAH1,CPI_Shelter,2023,M05,May,378.776,0.6
CUUR0000SAH1,CPI_Shelter,2023,M04,April,376.636,0.4
CUUR0000SAH1,CPI_Shelter,2023,M03,March,374.971,0.7
CUUR0000SAH1,CPI_Shelter,2023,M02,February,372.51,0.8
CUUR0000SAH1,CPI_Shelter,2023,M01,January,369.585,0.7
CUUR0000SAH1,CPI_Shelter,2022,M13,Annual,354.235,-3.4
CUUR0000SAH1,CPI_Shelter,2022,M12,December,366.868,0.7
CUUR0000SAH1,CPI_Shelter,2022,M11,November,364.195,0.6
CUUR0000SAH1,CPI_Shelter,2022,M10,October,362.093,0.7
CUUR0000SAH1,CPI_Shelter,2022,M09,September,359.704,0.7
CUUR0000SAH1,CPI_Shelter,2022,M08,August,357.264,0.7
CUUR0000SAH1,CPI_Shelter,2022,M07,July,354.935,0.6
CUUR0000SAH1,CPI_Shelter,2022,M06,June,352.967,0.7
CUUR0000SAH1,CPI_Shelter,2022,M05,May,350.58,0.6
CUUR0000SAH1,CPI_Shelter,2022,M04,April,348.389,0.5
CUUR0000SAH1,CPI_Shelter,2022,M03,March,346.618,0.6
CUUR0000SAH1,CPI_Shelter,2022,M02,February,344.607,0.6
CUUR0000SAH1,CPI_Shelter,2022,M01,January,342.604,0.4
CUUR0000SAH1,CPI_Shelter,2021,M13,Annual,334.575,-2.0
CUUR0000SAH1,CPI_Shelter,2021,M12,December,341.241,0.4
CUUR0000SAH1,CPI_Shelter,2021,M11,November,339.997,0.4
CUUR0000SAH1,CPI_Shelter,2021,M10,October,338.671,0.4
CUUR0000SAH1,CPI_Shelter,2021,M09,September,337.451,0.3
CUUR0000SAH1,CPI_Shelter,2021,M08,August,336.284,0.1
CUUR0000SAH1,CPI_Shelter,2021,M07,July,335.812,0.5
CUUR0000SAH1,CPI_Shelter,2021,M06,June,334.222,0.5
CUUR0000SAH1,CPI_Shelter,2021,M05,May,332.454,0.3
CUUR0000SAH1,CPI_Shelter,2021,M04,April,331.354,0.4
CUUR0000SAH1,CPI_Shelter,2021,M03,March,330.122,0.3
CUUR0000SAH1,CPI_Shelter,2021,M02,February,329.005,0.2
CUUR0000SAH1,CPI_Shelter,2021,M01,January,328.282,0.2
CUUR0000SAH1,CPI_Shelter,2020,M13,Annual,325.886,-0.6
CUUR0000SAH1,CPI_Shelter,2020,M12,December,327.702,0.1
CUUR0000SAH1,CPI_Shelter,2020,M11,November,327.435,0.0
CUUR0000SAH1,CPI_Shelter,2020,M10,October,327.273,0.0
CUUR0000SAH1,CPI_Shelter,2020,M09,September,327.116,0.0
CUUR0000SAH1,CPI_Shelter,2020,M08,August,326.997,0.1
CUUR0000SAH1,CPI_Shelter,2020,M07,July,326.58,0.2
CUUR0000SAH1,CPI_Shelter,2020,M06,June,325.814,0.2
CUUR0000SAH1,CPI_Shelter,2020,M05,May,325.265,0.2
CUUR0000SAH1,CPI_Shelter,2020,M04,April,324.522,0.0
CUUR0000SAH1,CPI_Shelter,2020,M03,March,324.615,0.1
CUUR0000SAH1,CPI_Shelter,2020,M02,February,324.254,0.4
CUUR0000SAH1,CPI_Shelter,2020,M01,January,323.053,0.4
CUUR0000SAH1,CPI_Shelter,2019,M13,Annual,318.053,-1.2
CUUR0000SAH1,CPI_Shelter,2019,M12,December,321.766,0.2
CUUR0000SAH1,CPI_Shelter,2019,M11,November,321.267,0.2
CUUR0000SAH1,CPI_Shelter,2019,M10,October,320.762,0.1
CUUR0000SAH1,CPI_Shelter,2019,M09,September,320.569,0.3
CUUR0000SAH1,CPI_Shelter,2019,M08,August,319.679,0.2
CUUR0000SAH1,CPI_Shelter,2019,M07,July,319.136,0.3
CUUR0000SAH1,CPI_Shelter,2019,M06,June,318.3,0.4
CUUR0000SAH1,CPI_Shelter,2019,M05,May,317.188,0.3
CUUR0000SAH1,CPI_Shelter,2019,M04,April,316.263,0.4
CUUR0000SAH1,CPI_Shelter,2019,M03,March,315.135,0.4
CUUR0000SAH1,CPI_Shelter,2019,M02,February,313.88,0.4
CUUR0000SAH1,CPI_Shelter,2019,M01,January,312.696,0.3
CUUR0000SAH1,CPI_Shelter,2018,M13,Annual,307.663,-1.3
CUUR0000SAH1,CPI_Shelter,2018,M12,December,311.652,0.2
CUUR0000SAH1,CPI_Shelter,2018,M11,November,310.95,0.2
CUUR0000SAH1,CPI_Shelter,2018,M10,October,310.382,0.2
CUUR0000SAH1,CPI_Shelter,2018,M09,September,309.702,0.1
CUUR0000SAH1,CPI_Shelter,2018,M08,August,309.296,0.3
CUUR0000SAH1,CPI_Shelter,2018,M07,July,308.393,0.3
CUUR0000SAH1,CPI_Shelter,2018,M06,June,307.521,0.2
CUUR0000SAH1,CPI_Shelter,2018,M05,May,306.913,0.4
CUUR0000SAH1,CPI_Shelter,2018,M04,April,305.716,0.3
CUUR0000SAH1,CPI_Shelter,2018,M03,March,304.847,0.4
CUUR0000SAH1,CPI_Shelter,2018,M02,February,303.653,0.2
CUUR0000SAH1,CPI_Shelter,2018,M01,January,302.928,0.3
CUUR0000SAH1,CPI_Shelter,2017,M13,Annual,297.803,-1.4
CUUR0000SAH1,CPI_Shelter,2017,M12,December,301.985,0.3
CUUR0000SAH1,CPI_Shelter,2017,M11,November,301.185,0.1
CUUR0000SAH1,CPI_Shelter,2017,M10,October,300.846,0.3
CUUR0000SAH1,CPI_Shelter,2017,M09,September,299.844,0.2
CUUR0000SAH1,CPI_Shelter,2017,M08,August,299.157,0.4
CUUR0000SAH1,CPI_Shelter,2017,M07,July,297.919,0.2
CUUR0000SAH1,CPI_Shelter,2017,M06,June,297.446,0.3
CUUR0000SAH1,CPI_Shelter,2017,M05,May,296.503,0.3
CUUR0000SAH1,CPI_Shelter,2017,M04,April,295.706,0.2
CUUR0000SAH1,CPI_Shelter,2017,M03,March,295.044,0.2
CUUR0000SAH1,CPI_Shelter,2017,M02,February,294.444,0.3
CUUR0000SAH1,CPI_Shelter,2017,M01,January,293.56,0.3
CUUR0000SAH1,CPI_Shelter,2016,M13,Annual,288.23,-1.5
CUUR0000SAH1,CPI_Shelter,2016,M12,December,292.612,0.2
CUUR0000SAH1,CPI_Shelter,2016,M11,November,291.953,0.2
CUUR0000SAH1,CPI_Shelter,2016,M10,October,291.407,0.3
CUUR0000SAH1,CPI_Shelter,2016,M09,September,290.445,0.3
CUUR0000SAH1,CPI_Shelter,2016,M08,August,289.605,0.3
CUUR0000SAH1,CPI_Shelter,2016,M07,July,288.78,0.2
CUUR0000SAH1,CPI_Shelter,2016,M06,June,288.069,0.4
CUUR0000SAH1,CPI_Shelter,2016,M05,May,286.924,0.4
CUUR0000SAH1,CPI_Shelter,2016,M04,April,285.836,0.2
CUUR0000SAH1,CPI_Shelter,2016,M03,March,285.196,0.3
CUUR0000SAH1,CPI_Shelter,2016,M02,February,284.435,0.3
CUUR0000SAH1,CPI_Shelter,2016,M01,January,283.498,0.4
CUUR0000SEHA,CPI_Rent_Primary,2026,M02,February,442.157,0.1
CUUR0000SEHA,CPI_Rent_Primary,2026,M01,January,441.718,0.2
CUUR0000SEHA,CPI_Rent_Primary,2025,M13,Annual,434.889,-1.3
CUUR0000SEHA,CPI_Rent_Primary,2025,M12,December,440.667,0.3
CUUR0000SEHA,CPI_Rent_Primary,2025,M11,November,439.275,
CUUR0000SEHA,CPI_Rent_Primary,2025,M10,October,,
CUUR0000SEHA,CPI_Rent_Primary,2025,M09,September,438.212,0.3
CUUR0000SEHA,CPI_Rent_Primary,2025,M08,August,436.981,0.3
CUUR0000SEHA,CPI_Rent_Primary,2025,M07,July,435.489,0.2
CUUR0000SEHA,CPI_Rent_Primary,2025,M06,June,434.594,0.2
CUUR0000SEHA,CPI_Rent_Primary,2025,M05,May,433.698,0.2
CUUR0000SEHA,CPI_Rent_Primary,2025,M04,April,432.956,0.3
CUUR0000SEHA,CPI_Rent_Primary,2025,M03,March,431.798,0.3
CUUR0000SEHA,CPI_Rent_Primary,2025,M02,February,430.603,0.3
CUUR0000SEHA,CPI_Rent_Primary,2025,M01,January,429.506,0.3
CUUR0000SEHA,CPI_Rent_Primary,2024,M13,Annual,420.06,-1.9
CUUR0000SEHA,CPI_Rent_Primary,2024,M12,December,428.151,0.4
CUUR0000SEHA,CPI_Rent_Primary,2024,M11,November,426.651,0.3
CUUR0000SEHA,CPI_Rent_Primary,2024,M10,October,425.381,0.4
CUUR0000SEHA,CPI_Rent_Primary,2024,M09,September,423.821,0.4
CUUR0000SEHA,CPI_Rent_Primary,2024,M08,August,422.223,0.4
CUUR0000SEHA,CPI_Rent_Primary,2024,M07,July,420.577,0.4
CUUR0000SEHA,CPI_Rent_Primary,2024,M06,June,418.82,0.3
CUUR0000SEHA,CPI_Rent_Primary,2024,M05,May,417.772,0.3
CUUR0000SEHA,CPI_Rent_Primary,2024,M04,April,416.386,0.3
CUUR0000SEHA,CPI_Rent_Primary,2024,M03,March,415.219,0.4
CUUR0000SEHA,CPI_Rent_Primary,2024,M02,February,413.695,0.4
CUUR0000SEHA,CPI_Rent_Primary,2024,M01,January,412.019,0.3
CUUR0000SEHA,CPI_Rent_Primary,2023,M13,Annual,399.643,-2.7
CUUR0000SEHA,CPI_Rent_Primary,2023,M12,December,410.606,0.4
CUUR0000SEHA,CPI_Rent_Primary,2023,M11,November,408.838,0.5
CUUR0000SEHA,CPI_Rent_Primary,2023,M10,October,406.683,0.5
CUUR0000SEHA,CPI_Rent_Primary,2023,M09,September,404.487,0.6
CUUR0000SEHA,CPI_Rent_Primary,2023,M08,August,402.247,0.5
CUUR0000SEHA,CPI_Rent_Primary,2023,M07,July,400.21,0.4
CUUR0000SEHA,CPI_Rent_Primary,2023,M06,June,398.593,0.5
CUUR0000SEHA,CPI_Rent_Primary,2023,M05,May,396.726,0.5
CUUR0000SEHA,CPI_Rent_Primary,2023,M04,April,394.898,0.5
CUUR0000SEHA,CPI_Rent_Primary,2023,M03,March,392.91,0.5
CUUR0000SEHA,CPI_Rent_Primary,2023,M02,February,391.141,0.7
CUUR0000SEHA,CPI_Rent_Primary,2023,M01,January,388.372,0.7
CUUR0000SEHA,CPI_Rent_Primary,2022,M13,Annual,370.199,-4.0
CUUR0000SEHA,CPI_Rent_Primary,2022,M12,December,385.649,0.8
CUUR0000SEHA,CPI_Rent_Primary,2022,M11,November,382.562,0.8
CUUR0000SEHA,CPI_Rent_Primary,2022,M10,October,379.436,0.8
CUUR0000SEHA,CPI_Rent_Primary,2022,M09,September,376.569,0.9
CUUR0000SEHA,CPI_Rent_Primary,2022,M08,August,373.283,0.8
CUUR0000SEHA,CPI_Rent_Primary,2022,M07,July,370.448,0.7
CUUR0000SEHA,CPI_Rent_Primary,2022,M06,June,367.927,0.8
CUUR0000SEHA,CPI_Rent_Primary,2022,M05,May,365.116,0.6
CUUR0000SEHA,CPI_Rent_Primary,2022,M04,April,362.951,0.5
CUUR0000SEHA,CPI_Rent_Primary,2022,M03,March,361.083,0.4
CUUR0000SEHA,CPI_Rent_Primary,2022,M02,February,359.627,0.5
CUUR0000SEHA,CPI_Rent_Primary,2022,M01,January,357.737,0.5
CUUR0000SEHA,CPI_Rent_Primary,2021,M13,Annual,349.135,-1.9
CUUR0000SEHA,CPI_Rent_Primary,2021,M12,December,355.931,0.4
CUUR0000SEHA,CPI_Rent_Primary,2021,M11,November,354.526,0.5
CUUR0000SEHA,CPI_Rent_Primary,2021,M10,October,352.892,0.5
CUUR0000SEHA,CPI_Rent_Primary,2021,M09,September,351.255,0.4
CUUR0000SEHA,CPI_Rent_Primary,2021,M08,August,349.71,0.4
CUUR0000SEHA,CPI_Rent_Primary,2021,M07,July,348.469,0.2
CUUR0000SEHA,CPI_Rent_Primary,2021,M06,June,347.833,0.2
CUUR0000SEHA,CPI_Rent_Primary,2021,M05,May,347.016,0.2
CUUR0000SEHA,CPI_Rent_Primary,2021,M04,April,346.267,0.2
CUUR0000SEHA,CPI_Rent_Primary,2021,M03,March,345.717,0.1
CUUR0000SEHA,CPI_Rent_Primary,2021,M02,February,345.242,0.1
CUUR0000SEHA,CPI_Rent_Primary,2021,M01,January,344.758,0.1
CUUR0000SEHA,CPI_Rent_Primary,2020,M13,Annual,341.468,-0.9
CUUR0000SEHA,CPI_Rent_Primary,2020,M12,December,344.455,0.1
CUUR0000SEHA,CPI_Rent_Primary,2020,M11,November,344.039,0.1
CUUR0000SEHA,CPI_Rent_Primary,2020,M10,October,343.615,0.2
CUUR0000SEHA,CPI_Rent_Primary,2020,M09,September,342.91,0.1
CUUR0000SEHA,CPI_Rent_Primary,2020,M08,August,342.444,0.1
CUUR0000SEHA,CPI_Rent_Primary,2020,M07,July,341.95,0.2
CUUR0000SEHA,CPI_Rent_Primary,2020,M06,June,341.294,0.1
CUUR0000SEHA,CPI_Rent_Primary,2020,M05,May,340.811,0.2
CUUR0000SEHA,CPI_Rent_Primary,2020,M04,April,340.135,0.2
CUUR0000SEHA,CPI_Rent_Primary,2020,M03,March,339.519,0.3
CUUR0000SEHA,CPI_Rent_Primary,2020,M02,February,338.616,0.2
CUUR0000SEHA,CPI_Rent_Primary,2020,M01,January,337.825,0.3
CUUR0000SEHA,CPI_Rent_Primary,2019,M13,Annual,331.124,-1.7
CUUR0000SEHA,CPI_Rent_Primary,2019,M12,December,336.789,0.3
CUUR0000SEHA,CPI_Rent_Primary,2019,M11,November,335.819,0.3
CUUR0000SEHA,CPI_Rent_Primary,2019,M10,October,334.68,0.3
CUUR0000SEHA,CPI_Rent_Primary,2019,M09,September,333.834,0.4
CUUR0000SEHA,CPI_Rent_Primary,2019,M08,August,332.638,0.3
CUUR0000SEHA,CPI_Rent_Primary,2019,M07,July,331.605,0.3
CUUR0000SEHA,CPI_Rent_Primary,2019,M06,June,330.648,0.4
CUUR0000SEHA,CPI_Rent_Primary,2019,M05,May,329.333,0.2
CUUR0000SEHA,CPI_Rent_Primary,2019,M04,April,328.678,0.4
CUUR0000SEHA,CPI_Rent_Primary,2019,M03,March,327.513,0.4
CUUR0000SEHA,CPI_Rent_Primary,2019,M02,February,326.351,0.2
CUUR0000SEHA,CPI_Rent_Primary,2019,M01,January,325.597,0.2
CUUR0000SEHA,CPI_Rent_Primary,2018,M13,Annual,319.289,-1.7
CUUR0000SEHA,CPI_Rent_Primary,2018,M12,December,324.815,0.3
CUUR0000SEHA,CPI_Rent_Primary,2018,M11,November,323.968,0.4
CUUR0000SEHA,CPI_Rent_Primary,2018,M10,October,322.628,0.3
CUUR0000SEHA,CPI_Rent_Primary,2018,M09,September,321.533,0.3
CUUR0000SEHA,CPI_Rent_Primary,2018,M08,August,320.651,0.4
CUUR0000SEHA,CPI_Rent_Primary,2018,M07,July,319.351,0.3
CUUR0000SEHA,CPI_Rent_Primary,2018,M06,June,318.318,0.3
CUUR0000SEHA,CPI_Rent_Primary,2018,M05,May,317.49,0.2
CUUR0000SEHA,CPI_Rent_Primary,2018,M04,April,316.763,0.3
CUUR0000SEHA,CPI_Rent_Primary,2018,M03,March,315.883,0.2
CUUR0000SEHA,CPI_Rent_Primary,2018,M02,February,315.277,0.2
CUUR0000SEHA,CPI_Rent_Primary,2018,M01,January,314.788,0.3
CUUR0000SEHA,CPI_Rent_Primary,2017,M13,Annual,308.143,-1.8
CUUR0000SEHA,CPI_Rent_Primary,2017,M12,December,313.904,0.4
CUUR0000SEHA,CPI_Rent_Primary,2017,M11,November,312.67,0.4
CUUR0000SEHA,CPI_Rent_Primary,2017,M10,October,311.501,0.4
CUUR0000SEHA,CPI_Rent_Primary,2017,M09,September,310.268,0.3
CUUR0000SEHA,CPI_Rent_Primary,2017,M08,August,309.479,0.4
CUUR0000SEHA,CPI_Rent_Primary,2017,M07,July,308.173,0.3
CUUR0000SEHA,CPI_Rent_Primary,2017,M06,June,307.314,0.3
CUUR0000SEHA,CPI_Rent_Primary,2017,M05,May,306.379,0.3
CUUR0000SEHA,CPI_Rent_Primary,2017,M04,April,305.477,0.2
CUUR0000SEHA,CPI_Rent_Primary,2017,M03,March,304.868,0.2
CUUR0000SEHA,CPI_Rent_Primary,2017,M02,February,304.211,0.2
CUUR0000SEHA,CPI_Rent_Primary,2017,M01,January,303.467,0.2
CUUR0000SEHA,CPI_Rent_Primary,2016,M13,Annual,296.82,-2.0
CUUR0000SEHA,CPI_Rent_Primary,2016,M12,December,302.735,0.4
CUUR0000SEHA,CPI_Rent_Primary,2016,M11,November,301.587,0.4
CUUR0000SEHA,CPI_Rent_Primary,2016,M10,October,300.4,0.5
CUUR0000SEHA,CPI_Rent_Primary,2016,M09,September,298.962,0.4
CUUR0000SEHA,CPI_Rent_Primary,2016,M08,August,297.916,0.4
CUUR0000SEHA,CPI_Rent_Primary,2016,M07,July,296.862,0.3
CUUR0000SEHA,CPI_Rent_Primary,2016,M06,June,295.902,0.3
CUUR0000SEHA,CPI_Rent_Primary,2016,M05,May,295.036,0.3
CUUR0000SEHA,CPI_Rent_Primary,2016,M04,April,294.175,0.2
CUUR0000SEHA,CPI_Rent_Primary,2016,M03,March,293.489,0.2
CUUR0000SEHA,CPI_Rent_Primary,2016,M02,February,292.777,0.3
CUUR0000SEHA,CPI_Rent_Primary,2016,M01,January,292.004,0.3
CUUR0000SAF1,CPI_Food,2026,M02,February,346.564,0.4
CUUR0000SAF1,CPI_Food,2026,M01,January,345.165,0.4
CUUR0000SAF1,CPI_Food,2025,M13,Annual,339.512,-1.2
CUUR0000SAF1,CPI_Food,2025,M12,December,343.795,0.6
CUUR0000SAF1,CPI_Food,2025,M11,November,341.721,
CUUR0000SAF1,CPI_Food,2025,M10,October,,
CUUR0000SAF1,CPI_Food,2025,M09,September,342.405,0.3
CUUR0000SAF1,CPI_Food,2025,M08,August,341.295,0.4
CUUR0000SAF1,CPI_Food,2025,M07,July,340.036,0.2
CUUR0000SAF1,CPI_Food,2025,M06,June,339.498,0.3
CUUR0000SAF1,CPI_Food,2025,M05,May,338.598,0.3
CUUR0000SAF1,CPI_Food,2025,M04,April,337.747,0.0
CUUR0000SAF1,CPI_Food,2025,M03,March,337.751,0.4
CUUR0000SAF1,CPI_Food,2025,M02,February,336.274,0.2
CUUR0000SAF1,CPI_Food,2025,M01,January,335.517,0.6
CUUR0000SAF1,CPI_Food,2024,M13,Annual,330.263,-1.0
CUUR0000SAF1,CPI_Food,2024,M12,December,333.566,0.2
CUUR0000SAF1,CPI_Food,2024,M11,November,332.904,0.1
CUUR0000SAF1,CPI_Food,2024,M10,October,332.678,0.2
CUUR0000SAF1,CPI_Food,2024,M09,September,332.083,0.4
CUUR0000SAF1,CPI_Food,2024,M08,August,330.75,0.1
CUUR0000SAF1,CPI_Food,2024,M07,July,330.561,0.3
CUUR0000SAF1,CPI_Food,2024,M06,June,329.71,0.2
CUUR0000SAF1,CPI_Food,2024,M05,May,329.12,0.1
CUUR0000SAF1,CPI_Food,2024,M04,April,328.678,0.2
CUUR0000SAF1,CPI_Food,2024,M03,March,328.043,0.1
CUUR0000SAF1,CPI_Food,2024,M02,February,327.731,0.1
CUUR0000SAF1,CPI_Food,2024,M01,January,327.327,0.6
CUUR0000SAF1,CPI_Food,2023,M13,Annual,322.965,-0.8
CUUR0000SAF1,CPI_Food,2023,M12,December,325.409,0.1
CUUR0000SAF1,CPI_Food,2023,M11,November,325.172,-0.2
CUUR0000SAF1,CPI_Food,2023,M10,October,325.731,0.3
CUUR0000SAF1,CPI_Food,2023,M09,September,324.704,0.2
CUUR0000SAF1,CPI_Food,2023,M08,August,324.1,0.2
CUUR0000SAF1,CPI_Food,2023,M07,July,323.523,0.3
CUUR0000SAF1,CPI_Food,2023,M06,June,322.556,0.1
CUUR0000SAF1,CPI_Food,2023,M05,May,322.249,0.2
CUUR0000SAF1,CPI_Food,2023,M04,April,321.566,0.2
CUUR0000SAF1,CPI_Food,2023,M03,March,320.863,0.1
CUUR0000SAF1,CPI_Food,2023,M02,February,320.569,0.4
CUUR0000SAF1,CPI_Food,2023,M01,January,319.136,0.7
CUUR0000SAF1,CPI_Food,2022,M13,Annual,305.388,-3.6
CUUR0000SAF1,CPI_Food,2022,M12,December,316.839,0.3
CUUR0000SAF1,CPI_Food,2022,M11,November,315.857,0.2
CUUR0000SAF1,CPI_Food,2022,M10,October,315.323,0.7
CUUR0000SAF1,CPI_Food,2022,M09,September,313.142,0.7
CUUR0000SAF1,CPI_Food,2022,M08,August,310.875,0.8
CUUR0000SAF1,CPI_Food,2022,M07,July,308.532,1.1
CUUR0000SAF1,CPI_Food,2022,M06,June,305.041,1.0
CUUR0000SAF1,CPI_Food,2022,M05,May,302.038,1.1
CUUR0000SAF1,CPI_Food,2022,M04,April,298.711,1.0
CUUR0000SAF1,CPI_Food,2022,M03,March,295.728,1.0
CUUR0000SAF1,CPI_Food,2022,M02,February,292.794,1.0
CUUR0000SAF1,CPI_Food,2022,M01,January,289.772,1.0
CUUR0000SAF1,CPI_Food,2021,M13,Annual,277.756,-3.2
CUUR0000SAF1,CPI_Food,2021,M12,December,286.966,0.5
CUUR0000SAF1,CPI_Food,2021,M11,November,285.507,0.5
CUUR0000SAF1,CPI_Food,2021,M10,October,284.205,1.0
CUUR0000SAF1,CPI_Food,2021,M09,September,281.506,0.8
CUUR0000SAF1,CPI_Food,2021,M08,August,279.135,0.4
CUUR0000SAF1,CPI_Food,2021,M07,July,278.127,0.7
CUUR0000SAF1,CPI_Food,2021,M06,June,276.206,0.7
CUUR0000SAF1,CPI_Food,2021,M05,May,274.212,0.4
CUUR0000SAF1,CPI_Food,2021,M04,April,273.09,0.5
CUUR0000SAF1,CPI_Food,2021,M03,March,271.812,0.2
CUUR0000SAF1,CPI_Food,2021,M02,February,271.363,0.2
CUUR0000SAF1,CPI_Food,2021,M01,January,270.938,0.3
CUUR0000SAF1,CPI_Food,2020,M13,Annual,267.219,-1.0
CUUR0000SAF1,CPI_Food,2020,M12,December,270.023,0.4
CUUR0000SAF1,CPI_Food,2020,M11,November,269.069,-0.3
CUUR0000SAF1,CPI_Food,2020,M10,October,269.828,0.2
CUUR0000SAF1,CPI_Food,2020,M09,September,269.163,0.0
CUUR0000SAF1,CPI_Food,2020,M08,August,269.079,0.1
CUUR0000SAF1,CPI_Food,2020,M07,July,268.863,-0.3
CUUR0000SAF1,CPI_Food,2020,M06,June,269.77,0.5
CUUR0000SAF1,CPI_Food,2020,M05,May,268.439,0.6
CUUR0000SAF1,CPI_Food,2020,M04,April,266.757,1.5
CUUR0000SAF1,CPI_Food,2020,M03,March,262.708,0.3
CUUR0000SAF1,CPI_Food,2020,M02,February,261.876,0.3
CUUR0000SAF1,CPI_Food,2020,M01,January,261.057,0.5
CUUR0000SAF1,CPI_Food,2019,M13,Annual,258.316,-0.6
CUUR0000SAF1,CPI_Food,2019,M12,December,259.823,0.1
CUUR0000SAF1,CPI_Food,2019,M11,November,259.467,-0.1
CUUR0000SAF1,CPI_Food,2019,M10,October,259.632,0.3
CUUR0000SAF1,CPI_Food,2019,M09,September,258.943,0.2
CUUR0000SAF1,CPI_Food,2019,M08,August,258.41,0.1
CUUR0000SAF1,CPI_Food,2019,M07,July,258.274,0.1
CUUR0000SAF1,CPI_Food,2019,M06,June,258.064,0.0
CUUR0000SAF1,CPI_Food,2019,M05,May,258.11,0.2
CUUR0000SAF1,CPI_Food,2019,M04,April,257.708,0.0
CUUR0000SAF1,CPI_Food,2019,M03,March,257.724,0.2
CUUR0000SAF1,CPI_Food,2019,M02,February,257.222,0.3
CUUR0000SAF1,CPI_Food,2019,M01,January,256.417,0.5
CUUR0000SAF1,CPI_Food,2018,M13,Annual,253.558,-0.6
CUUR0000SAF1,CPI_Food,2018,M12,December,255.21,0.3
CUUR0000SAF1,CPI_Food,2018,M11,November,254.379,0.0
CUUR0000SAF1,CPI_Food,2018,M10,October,254.358,0.0
CUUR0000SAF1,CPI_Food,2018,M09,September,254.393,0.1
CUUR0000SAF1,CPI_Food,2018,M08,August,254.077,0.1
CUUR0000SAF1,CPI_Food,2018,M07,July,253.746,0.2
CUUR0000SAF1,CPI_Food,2018,M06,June,253.231,0.1
CUUR0000SAF1,CPI_Food,2018,M05,May,253.098,0.0
CUUR0000SAF1,CPI_Food,2018,M04,April,253.209,0.3
CUUR0000SAF1,CPI_Food,2018,M03,March,252.37,0.0
CUUR0000SAF1,CPI_Food,2018,M02,February,252.266,0.0
CUUR0000SAF1,CPI_Food,2018,M01,January,252.361,0.4
CUUR0000SAF1,CPI_Food,2017,M13,Annual,250.065,-0.5
CUUR0000SAF1,CPI_Food,2017,M12,December,251.238,0.1
CUUR0000SAF1,CPI_Food,2017,M11,November,250.871,-0.2
CUUR0000SAF1,CPI_Food,2017,M10,October,251.364,0.1
CUUR0000SAF1,CPI_Food,2017,M09,September,250.993,0.2
CUUR0000SAF1,CPI_Food,2017,M08,August,250.493,0.1
CUUR0000SAF1,CPI_Food,2017,M07,July,250.214,0.2
CUUR0000SAF1,CPI_Food,2017,M06,June,249.653,-0.1
CUUR0000SAF1,CPI_Food,2017,M05,May,250.016,0.1
CUUR0000SAF1,CPI_Food,2017,M04,April,249.739,0.2
CUUR0000SAF1,CPI_Food,2017,M03,March,249.165,0.2
CUUR0000SAF1,CPI_Food,2017,M02,February,248.791,0.2
CUUR0000SAF1,CPI_Food,2017,M01,January,248.242,0.4
CUUR0000SAF1,CPI_Food,2016,M13,Annual,247.931,0.2
CUUR0000SAF1,CPI_Food,2016,M12,December,247.313,0.0
CUUR0000SAF1,CPI_Food,2016,M11,November,247.435,-0.3
CUUR0000SAF1,CPI_Food,2016,M10,October,248.073,0.1
CUUR0000SAF1,CPI_Food,2016,M09,September,247.917,0.1
CUUR0000SAF1,CPI_Food,2016,M08,August,247.719,0.1
CUUR0000SAF1,CPI_Food,2016,M07,July,247.554,0.0
CUUR0000SAF1,CPI_Food,2016,M06,June,247.482,-0.2
CUUR0000SAF1,CPI_Food,2016,M05,May,247.86,-0.2
CUUR0000SAF1,CPI_Food,2016,M04,April,248.413,0.2
CUUR0000SAF1,CPI_Food,2016,M03,March,247.978,-0.3
CUUR0000SAF1,CPI_Food,2016,M02,February,248.8,0.1
CUUR0000SAF1,CPI_Food,2016,M01,January,248.631,0.3
CUUR0000SA0E,CPI_Energy,2026,M02,February,277.179,1.7
CUUR0000SA0E,CPI_Energy,2026,M01,January,272.668,-0.5
CUUR0000SA0E,CPI_Energy,2025,M13,Annual,279.353,1.9
CUUR0000SA0E,CPI_Energy,2025,M12,December,274.131,-2.0
CUUR0000SA0E,CPI_Energy,2025,M11,November,279.588,
CUUR0000SA0E,CPI_Energy,2025,M10,October,,
CUUR0000SA0E,CPI_Energy,2025,M09,September,283.589,0.1
CUUR0000SA0E,CPI_Energy,2025,M08,August,283.247,-0.1
CUUR0000SA0E,CPI_Energy,2025,M07,July,283.395,-0.3
CUUR0000SA0E,CPI_Energy,2025,M06,June,284.307,1.5
CUUR0000SA0E,CPI_Energy,2025,M05,May,280.097,0.1
CUUR0000SA0E,CPI_Energy,2025,M04,April,279.888,1.5
CUUR0000SA0E,CPI_Energy,2025,M03,March,275.734,0.0
CUUR0000SA0E,CPI_Energy,2025,M02,February,275.867,1.0
CUUR0000SA0E,CPI_Energy,2025,M01,January,273.045,1.9
CUUR0000SA0E,CPI_Energy,2024,M13,Annual,279.544,4.3
CUUR0000SA0E,CPI_Energy,2024,M12,December,267.963,-0.1
CUUR0000SA0E,CPI_Energy,2024,M11,November,268.213,-1.7
CUUR0000SA0E,CPI_Energy,2024,M10,October,272.807,-1.1
CUUR0000SA0E,CPI_Energy,2024,M09,September,275.74,-2.4
CUUR0000SA0E,CPI_Energy,2024,M08,August,282.614,-1.8
CUUR0000SA0E,CPI_Energy,2024,M07,July,287.868,0.4
CUUR0000SA0E,CPI_Energy,2024,M06,June,286.675,-1.2
CUUR0000SA0E,CPI_Energy,2024,M05,May,290.139,-0.2
CUUR0000SA0E,CPI_Energy,2024,M04,April,290.76,2.0
CUUR0000SA0E,CPI_Energy,2024,M03,March,285.002,3.1
CUUR0000SA0E,CPI_Energy,2024,M02,February,276.331,2.2
CUUR0000SA0E,CPI_Energy,2024,M01,January,270.42,0.4
CUUR0000SA0E,CPI_Energy,2023,M13,Annual,283.286,5.2
CUUR0000SA0E,CPI_Energy,2023,M12,December,269.375,-2.8
CUUR0000SA0E,CPI_Energy,2023,M11,November,277.029,-3.4
CUUR0000SA0E,CPI_Energy,2023,M10,October,286.754,-3.1
CUUR0000SA0E,CPI_Energy,2023,M09,September,296.004,0.6
CUUR0000SA0E,CPI_Energy,2023,M08,August,294.328,3.3
CUUR0000SA0E,CPI_Energy,2023,M07,July,284.828,0.3
CUUR0000SA0E,CPI_Energy,2023,M06,June,283.854,1.4
CUUR0000SA0E,CPI_Energy,2023,M05,May,279.816,-1.2
CUUR0000SA0E,CPI_Energy,2023,M04,April,283.352,1.5
CUUR0000SA0E,CPI_Energy,2023,M03,March,279.084,-0.9
CUUR0000SA0E,CPI_Energy,2023,M02,February,281.673,-0.6
CUUR0000SA0E,CPI_Energy,2023,M01,January,283.33,3.1
CUUR0000SA0E,CPI_Energy,2022,M13,Annual,298.266,8.5
CUUR0000SA0E,CPI_Energy,2022,M12,December,274.937,-6.1
CUUR0000SA0E,CPI_Energy,2022,M11,November,292.953,-2.5
CUUR0000SA0E,CPI_Energy,2022,M10,October,300.359,1.0
CUUR0000SA0E,CPI_Energy,2022,M09,September,297.343,-2.6
CUUR0000SA0E,CPI_Energy,2022,M08,August,305.372,-6.2
CUUR0000SA0E,CPI_Energy,2022,M07,July,325.407,-4.5
CUUR0000SA0E,CPI_Energy,2022,M06,June,340.917,7.6
CUUR0000SA0E,CPI_Energy,2022,M05,May,316.761,6.1
CUUR0000SA0E,CPI_Energy,2022,M04,April,298.469,0.1
CUUR0000SA0E,CPI_Energy,2022,M03,March,298.246,11.4
CUUR0000SA0E,CPI_Energy,2022,M02,February,267.771,2.7
CUUR0000SA0E,CPI_Energy,2022,M01,January,260.653,1.7
CUUR0000SA0E,CPI_Energy,2021,M13,Annual,238.325,-7.0
CUUR0000SA0E,CPI_Energy,2021,M12,December,256.207,-1.1
CUUR0000SA0E,CPI_Energy,2021,M11,November,259.1,1.5
CUUR0000SA0E,CPI_Energy,2021,M10,October,255.338,2.9
CUUR0000SA0E,CPI_Energy,2021,M09,September,248.228,0.6
CUUR0000SA0E,CPI_Energy,2021,M08,August,246.639,0.8
CUUR0000SA0E,CPI_Energy,2021,M07,July,244.8,1.7
CUUR0000SA0E,CPI_Energy,2021,M06,June,240.72,2.3
CUUR0000SA0E,CPI_Energy,2021,M05,May,235.339,2.7
CUUR0000SA0E,CPI_Energy,2021,M04,April,229.116,1.4
CUUR0000SA0E,CPI_Energy,2021,M03,March,225.861,5.9
CUUR0000SA0E,CPI_Energy,2021,M02,February,213.277,3.9
CUUR0000SA0E,CPI_Energy,2021,M01,January,205.273,3.6
CUUR0000SA0E,CPI_Energy,2020,M13,Annual,196.949,-0.6
CUUR0000SA0E,CPI_Energy,2020,M12,December,198.155,1.9
CUUR0000SA0E,CPI_Energy,2020,M11,November,194.388,-1.1
CUUR0000SA0E,CPI_Energy,2020,M10,October,196.458,-1.2
CUUR0000SA0E,CPI_Energy,2020,M09,September,198.858,0.8
CUUR0000SA0E,CPI_Energy,2020,M08,August,197.362,-0.2
CUUR0000SA0E,CPI_Energy,2020,M07,July,197.665,2.2
CUUR0000SA0E,CPI_Energy,2020,M06,June,193.379,5.6
CUUR0000SA0E,CPI_Energy,2020,M05,May,183.076,0.0
CUUR0000SA0E,CPI_Energy,2020,M04,April,183.081,-8.3
CUUR0000SA0E,CPI_Energy,2020,M03,March,199.573,-4.2
CUUR0000SA0E,CPI_Energy,2020,M02,February,208.354,-2.2
CUUR0000SA0E,CPI_Energy,2020,M01,January,213.043,0.0
CUUR0000SA0E,CPI_Energy,2019,M13,Annual,215.294,1.1
CUUR0000SA0E,CPI_Energy,2019,M12,December,212.982,-0.8
CUUR0000SA0E,CPI_Energy,2019,M11,November,214.636,-0.8
CUUR0000SA0E,CPI_Energy,2019,M10,October,216.351,0.4
CUUR0000SA0E,CPI_Energy,2019,M09,September,215.418,-0.7
CUUR0000SA0E,CPI_Energy,2019,M08,August,216.978,-2.5
CUUR0000SA0E,CPI_Energy,2019,M07,July,222.492,0.5
CUUR0000SA0E,CPI_Energy,2019,M06,June,221.373,-1.9
CUUR0000SA0E,CPI_Energy,2019,M05,May,225.773,1.5
CUUR0000SA0E,CPI_Energy,2019,M04,April,222.499,5.1
CUUR0000SA0E,CPI_Energy,2019,M03,March,211.724,4.4
CUUR0000SA0E,CPI_Energy,2019,M02,February,202.74,1.1
CUUR0000SA0E,CPI_Energy,2019,M01,January,200.563,-2.6
CUUR0000SA0E,CPI_Energy,2018,M13,Annual,219.941,6.8
CUUR0000SA0E,CPI_Energy,2018,M12,December,205.905,-4.6
CUUR0000SA0E,CPI_Energy,2018,M11,November,215.91,-4.4
CUUR0000SA0E,CPI_Energy,2018,M10,October,225.757,-0.2
CUUR0000SA0E,CPI_Energy,2018,M09,September,226.165,-0.3
CUUR0000SA0E,CPI_Energy,2018,M08,August,226.939,-0.1
CUUR0000SA0E,CPI_Energy,2018,M07,July,227.107,-0.9
CUUR0000SA0E,CPI_Energy,2018,M06,June,229.137,1.0
CUUR0000SA0E,CPI_Energy,2018,M05,May,226.81,3.6
CUUR0000SA0E,CPI_Energy,2018,M04,April,218.83,3.0
CUUR0000SA0E,CPI_Energy,2018,M03,March,212.554,-0.5
CUUR0000SA0E,CPI_Energy,2018,M02,February,213.519,1.4
CUUR0000SA0E,CPI_Energy,2018,M01,January,210.663,2.0
CUUR0000SA0E,CPI_Energy,2017,M13,Annual,204.54,-1.0
CUUR0000SA0E,CPI_Energy,2017,M12,December,206.598,-1.3
CUUR0000SA0E,CPI_Energy,2017,M11,November,209.383,1.0
CUUR0000SA0E,CPI_Energy,2017,M10,October,207.29,-3.9
CUUR0000SA0E,CPI_Energy,2017,M09,September,215.711,4.8
CUUR0000SA0E,CPI_Energy,2017,M08,August,205.894,1.6
CUUR0000SA0E,CPI_Energy,2017,M07,July,202.554,-1.0
CUUR0000SA0E,CPI_Energy,2017,M06,June,204.646,0.7
CUUR0000SA0E,CPI_Energy,2017,M05,May,203.132,0.1
CUUR0000SA0E,CPI_Energy,2017,M04,April,202.869,2.2
CUUR0000SA0E,CPI_Energy,2017,M03,March,198.597,0.2
CUUR0000SA0E,CPI_Energy,2017,M02,February,198.195,-0.7
CUUR0000SA0E,CPI_Energy,2017,M01,January,199.608,3.3
CUUR0000SA0E,CPI_Energy,2016,M13,Annual,189.535,-2.0
CUUR0000SA0E,CPI_Energy,2016,M12,December,193.306,1.0
CUUR0000SA0E,CPI_Energy,2016,M11,November,191.402,-1.7
CUUR0000SA0E,CPI_Energy,2016,M10,October,194.786,-0.5
CUUR0000SA0E,CPI_Energy,2016,M09,September,195.852,1.2
CUUR0000SA0E,CPI_Energy,2016,M08,August,193.524,-1.2
CUUR0000SA0E,CPI_Energy,2016,M07,July,195.94,-2.0
CUUR0000SA0E,CPI_Energy,2016,M06,June,200.035,3.8
CUUR0000SA0E,CPI_Energy,2016,M05,May,192.673,3.8
CUUR0000SA0E,CPI_Energy,2016,M04,April,185.652,3.7
CUUR0000SA0E,CPI_Energy,2016,M03,March,179.017,4.0
CUUR0000SA0E,CPI_Energy,2016,M02,February,172.061,-4.5
CUUR0000SA0E,CPI_Energy,2016,M01,January,180.171,-1.7
CES0500000003,Avg_Hourly_Earnings,2026,M02,February,37.32,0.4
CES0500000003,Avg_Hourly_Earnings,2026,M01,January,37.17,0.4
CES0500000003,Avg_Hourly_Earnings,2025,M12,December,37.02,0.1
CES0500000003,Avg_Hourly_Earnings,2025,M11,November,37.0,0.4
CES0500000003,Avg_Hourly_Earnings,2025,M10,October,36.85,0.4
CES0500000003,Avg_Hourly_Earnings,2025,M09,September,36.7,0.2
CES0500000003,Avg_Hourly_Earnings,2025,M08,August,36.62,0.4
CES0500000003,Avg_Hourly_Earnings,2025,M07,July,36.47,0.3
CES0500000003,Avg_Hourly_Earnings,2025,M06,June,36.36,0.2
CES0500000003,Avg_Hourly_Earnings,2025,M05,May,36.28,0.4
CES0500000003,Avg_Hourly_Earnings,2025,M04,April,36.12,0.0
CES0500000003,Avg_Hourly_Earnings,2025,M03,March,36.11,0.5
CES0500000003,Avg_Hourly_Earnings,2025,M02,February,35.94,0.3
CES0500000003,Avg_Hourly_Earnings,2025,M01,January,35.84,0.4
CES0500000003,Avg_Hourly_Earnings,2024,M12,December,35.69,0.3
CES0500000003,Avg_Hourly_Earnings,2024,M11,November,35.6,0.4
CES0500000003,Avg_Hourly_Earnings,2024,M10,October,35.46,0.3
CES0500000003,Avg_Hourly_Earnings,2024,M09,September,35.34,0.3
CES0500000003,Avg_Hourly_Earnings,2024,M08,August,35.22,0.4
CES0500000003,Avg_Hourly_Earnings,2024,M07,July,35.08,0.2
CES0500000003,Avg_Hourly_Earnings,2024,M06,June,35.01,0.3
CES0500000003,Avg_Hourly_Earnings,2024,M05,May,34.89,0.4
CES0500000003,Avg_Hourly_Earnings,2024,M04,April,34.76,0.3
CES0500000003,Avg_Hourly_Earnings,2024,M03,March,34.65,0.4
CES0500000003,Avg_Hourly_Earnings,2024,M02,February,34.52,0.1
CES0500000003,Avg_Hourly_Earnings,2024,M01,January,34.47,0.5
CES0500000003,Avg_Hourly_Earnings,2023,M12,December,34.29,0.4
CES0500000003,Avg_Hourly_Earnings,2023,M11,November,34.17,0.3
CES0500000003,Avg_Hourly_Earnings,2023,M10,October,34.08,0.2
CES0500000003,Avg_Hourly_Earnings,2023,M09,September,34.01,0.4
CES0500000003,Avg_Hourly_Earnings,2023,M08,August,33.89,0.1
CES0500000003,Avg_Hourly_Earnings,2023,M07,July,33.85,0.5
CES0500000003,Avg_Hourly_Earnings,2023,M06,June,33.69,0.6
CES0500000003,Avg_Hourly_Earnings,2023,M05,May,33.5,0.2
CES0500000003,Avg_Hourly_Earnings,2023,M04,April,33.43,0.5
CES0500000003,Avg_Hourly_Earnings,2023,M03,March,33.27,0.4
CES0500000003,Avg_Hourly_Earnings,2023,M02,February,33.15,0.4
CES0500000003,Avg_Hourly_Earnings,2023,M01,January,33.02,0.2
CES0500000003,Avg_Hourly_Earnings,2022,M12,December,32.94,0.4
CES0500000003,Avg_Hourly_Earnings,2022,M11,November,32.82,0.4
CES0500000003,Avg_Hourly_Earnings,2022,M10,October,32.7,0.4
CES0500000003,Avg_Hourly_Earnings,2022,M09,September,32.57,0.4
CES0500000003,Avg_Hourly_Earnings,2022,M08,August,32.44,0.3
CES0500000003,Avg_Hourly_Earnings,2022,M07,July,32.34,0.5
CES0500000003,Avg_Hourly_Earnings,2022,M06,June,32.19,0.3
CES0500000003,Avg_Hourly_Earnings,2022,M05,May,32.1,0.4
CES0500000003,Avg_Hourly_Earnings,2022,M04,April,31.96,0.5
CES0500000003,Avg_Hourly_Earnings,2022,M03,March,31.8,0.5
CES0500000003,Avg_Hourly_Earnings,2022,M02,February,31.64,0.1
CES0500000003,Avg_Hourly_Earnings,2022,M01,January,31.6,0.7
CES0500000003,Avg_Hourly_Earnings,2021,M12,December,31.39,0.5
CES0500000003,Avg_Hourly_Earnings,2021,M11,November,31.23,0.3
CES0500000003,Avg_Hourly_Earnings,2021,M10,October,31.14,0.5
CES0500000003,Avg_Hourly_Earnings,2021,M09,September,30.98,0.6
CES0500000003,Avg_Hourly_Earnings,2021,M08,August,30.78,0.4
CES0500000003,Avg_Hourly_Earnings,2021,M07,July,30.66,0.4
CES0500000003,Avg_Hourly_Earnings,2021,M06,June,30.54,0.4
CES0500000003,Avg_Hourly_Earnings,2021,M05,May,30.41,0.6
CES0500000003,Avg_Hourly_Earnings,2021,M04,April,30.22,0.6
CES0500000003,Avg_Hourly_Earnings,2021,M03,March,30.03,-0.1
CES0500000003,Avg_Hourly_Earnings,2021,M02,February,30.05,0.4
CES0500000003,Avg_Hourly_Earnings,2021,M01,January,29.93,0.1
CES0500000003,Avg_Hourly_Earnings,2020,M12,December,29.91,0.9
CES0500000003,Avg_Hourly_Earnings,2020,M11,November,29.64,0.3
CES0500000003,Avg_Hourly_Earnings,2020,M10,October,29.54,0.1
CES0500000003,Avg_Hourly_Earnings,2020,M09,September,29.51,0.1
CES0500000003,Avg_Hourly_Earnings,2020,M08,August,29.49,0.3
CES0500000003,Avg_Hourly_Earnings,2020,M07,July,29.39,0.0
CES0500000003,Avg_Hourly_Earnings,2020,M06,June,29.38,-1.1
CES0500000003,Avg_Hourly_Earnings,2020,M05,May,29.72,-1.1
CES0500000003,Avg_Hourly_Earnings,2020,M04,April,30.04,4.6
CES0500000003,Avg_Hourly_Earnings,2020,M03,March,28.73,0.7
CES0500000003,Avg_Hourly_Earnings,2020,M02,February,28.54,0.4
CES0500000003,Avg_Hourly_Earnings,2020,M01,January,28.43,0.2
CES0500000003,Avg_Hourly_Earnings,2019,M12,December,28.38,0.1
CES0500000003,Avg_Hourly_Earnings,2019,M11,November,28.34,0.4
CES0500000003,Avg_Hourly_Earnings,2019,M10,October,28.24,0.3
CES0500000003,Avg_Hourly_Earnings,2019,M09,September,28.16,0.1
CES0500000003,Avg_Hourly_Earnings,2019,M08,August,28.14,0.4
CES0500000003,Avg_Hourly_Earnings,2019,M07,July,28.03,0.2
CES0500000003,Avg_Hourly_Earnings,2019,M06,June,27.97,0.3
CES0500000003,Avg_Hourly_Earnings,2019,M05,May,27.88,0.3
CES0500000003,Avg_Hourly_Earnings,2019,M04,April,27.79,0.1
CES0500000003,Avg_Hourly_Earnings,2019,M03,March,27.77,0.3
CES0500000003,Avg_Hourly_Earnings,2019,M02,February,27.69,0.4
CES0500000003,Avg_Hourly_Earnings,2019,M01,January,27.59,0.1
CES0500000003,Avg_Hourly_Earnings,2018,M12,December,27.56,0.4
CES0500000003,Avg_Hourly_Earnings,2018,M11,November,27.44,0.3
CES0500000003,Avg_Hourly_Earnings,2018,M10,October,27.37,0.2
CES0500000003,Avg_Hourly_Earnings,2018,M09,September,27.32,0.4
CES0500000003,Avg_Hourly_Earnings,2018,M08,August,27.21,0.4
CES0500000003,Avg_Hourly_Earnings,2018,M07,July,27.1,0.3
CES0500000003,Avg_Hourly_Earnings,2018,M06,June,27.03,0.2
CES0500000003,Avg_Hourly_Earnings,2018,M05,May,26.98,0.3
CES0500000003,Avg_Hourly_Earnings,2018,M04,April,26.91,0.2
CES0500000003,Avg_Hourly_Earnings,2018,M03,March,26.85,0.4
CES0500000003,Avg_Hourly_Earnings,2018,M02,February,26.74,0.1
CES0500000003,Avg_Hourly_Earnings,2018,M01,January,26.72,0.3
CES0500000003,Avg_Hourly_Earnings,2017,M12,December,26.63,0.3
CES0500000003,Avg_Hourly_Earnings,2017,M11,November,26.54,0.2
CES0500000003,Avg_Hourly_Earnings,2017,M10,October,26.5,0.0
CES0500000003,Avg_Hourly_Earnings,2017,M09,September,26.49,0.5
CES0500000003,Avg_Hourly_Earnings,2017,M08,August,26.37,0.1
CES0500000003,Avg_Hourly_Earnings,2017,M07,July,26.35,0.3
CES0500000003,Avg_Hourly_Earnings,2017,M06,June,26.26,0.2
CES0500000003,Avg_Hourly_Earnings,2017,M05,May,26.21,0.1
CES0500000003,Avg_Hourly_Earnings,2017,M04,April,26.18,0.3
CES0500000003,Avg_Hourly_Earnings,2017,M03,March,26.11,0.2
CES0500000003,Avg_Hourly_Earnings,2017,M02,February,26.07,0.3
CES0500000003,Avg_Hourly_Earnings,2017,M01,January,26.0,0.3
CES0500000003,Avg_Hourly_Earnings,2016,M12,December,25.93,0.1
CES0500000003,Avg_Hourly_Earnings,2016,M11,November,25.9,0.0
CES0500000003,Avg_Hourly_Earnings,2016,M10,October,25.9,0.5
CES0500000003,Avg_Hourly_Earnings,2016,M09,September,25.77,0.2
CES0500000003,Avg_Hourly_Earnings,2016,M08,August,25.71,0.1
CES0500000003,Avg_Hourly_Earnings,2016,M07,July,25.69,0.3
CES0500000003,Avg_Hourly_Earnings,2016,M06,June,25.62,0.2
CES0500000003,Avg_Hourly_Earnings,2016,M05,May,25.58,0.2
CES0500000003,Avg_Hourly_Earnings,2016,M04,April,25.53,0.3
CES0500000003,Avg_Hourly_Earnings,2016,M03,March,25.45,0.3
CES0500000003,Avg_Hourly_Earnings,2016,M02,February,25.38,0.0
CES0500000003,Avg_Hourly_Earnings,2016,M01,January,25.37,0.5
CES0500000011,Avg_Weekly_Earnings,2026,M02,February,1280.08,0.4
CES0500000011,Avg_Weekly_Earnings,2026,M01,January,1274.93,0.7
CES0500000011,Avg_Weekly_Earnings,2025,M12,December,1266.08,-0.2
CES0500000011,Avg_Weekly_Earnings,2025,M11,November,1269.1,0.7
CES0500000011,Avg_Weekly_Earnings,2025,M10,October,1260.27,0.4
CES0500000011,Avg_Weekly_Earnings,2025,M09,September,1255.14,0.2
CES0500000011,Avg_Weekly_Earnings,2025,M08,August,1252.4,0.4
CES0500000011,Avg_Weekly_Earnings,2025,M07,July,1247.27,0.3
CES0500000011,Avg_Weekly_Earnings,2025,M06,June,1243.51,0.2
CES0500000011,Avg_Weekly_Earnings,2025,M05,May,1240.78,0.2
CES0500000011,Avg_Weekly_Earnings,2025,M04,April,1238.92,0.3
CES0500000011,Avg_Weekly_Earnings,2025,M03,March,1234.96,0.5
CES0500000011,Avg_Weekly_Earnings,2025,M02,February,1229.15,0.6
CES0500000011,Avg_Weekly_Earnings,2025,M01,January,1222.14,-0.2
CES0500000011,Avg_Weekly_Earnings,2024,M12,December,1224.17,0.3
CES0500000011,Avg_Weekly_Earnings,2024,M11,November,1221.08,0.7
CES0500000011,Avg_Weekly_Earnings,2024,M10,October,1212.73,0.0
CES0500000011,Avg_Weekly_Earnings,2024,M09,September,1212.16,0.3
CES0500000011,Avg_Weekly_Earnings,2024,M08,August,1208.05,0.7
CES0500000011,Avg_Weekly_Earnings,2024,M07,July,1199.74,-0.1
CES0500000011,Avg_Weekly_Earnings,2024,M06,June,1200.84,0.3
CES0500000011,Avg_Weekly_Earnings,2024,M05,May,1196.73,0.7
CES0500000011,Avg_Weekly_Earnings,2024,M04,April,1188.79,-0.3
CES0500000011,Avg_Weekly_Earnings,2024,M03,March,1191.96,0.4
CES0500000011,Avg_Weekly_Earnings,2024,M02,February,1187.49,0.7
CES0500000011,Avg_Weekly_Earnings,2024,M01,January,1178.87,-0.1
CES0500000011,Avg_Weekly_Earnings,2023,M12,December,1179.58,0.4
CES0500000011,Avg_Weekly_Earnings,2023,M11,November,1175.45,0.6
CES0500000011,Avg_Weekly_Earnings,2023,M10,October,1168.94,-0.1
CES0500000011,Avg_Weekly_Earnings,2023,M09,September,1169.94,0.4
CES0500000011,Avg_Weekly_Earnings,2023,M08,August,1165.82,0.4
CES0500000011,Avg_Weekly_Earnings,2023,M07,July,1161.06,0.2
CES0500000011,Avg_Weekly_Earnings,2023,M06,June,1158.94,0.6
CES0500000011,Avg_Weekly_Earnings,2023,M05,May,1152.4,0.2
CES0500000011,Avg_Weekly_Earnings,2023,M04,April,1149.99,0.5
CES0500000011,Avg_Weekly_Earnings,2023,M03,March,1144.49,0.1
CES0500000011,Avg_Weekly_Earnings,2023,M02,February,1143.68,0.1
CES0500000011,Avg_Weekly_Earnings,2023,M01,January,1142.49,0.8
CES0500000011,Avg_Weekly_Earnings,2022,M12,December,1133.14,0.1
CES0500000011,Avg_Weekly_Earnings,2022,M11,November,1132.29,0.1
CES0500000011,Avg_Weekly_Earnings,2022,M10,October,1131.42,0.4
CES0500000011,Avg_Weekly_Earnings,2022,M09,September,1126.92,0.7
CES0500000011,Avg_Weekly_Earnings,2022,M08,August,1119.18,0.0
CES0500000011,Avg_Weekly_Earnings,2022,M07,July,1118.96,0.5
CES0500000011,Avg_Weekly_Earnings,2022,M06,June,1113.77,0.3
CES0500000011,Avg_Weekly_Earnings,2022,M05,May,1110.66,0.4
CES0500000011,Avg_Weekly_Earnings,2022,M04,April,1105.82,0.2
CES0500000011,Avg_Weekly_Earnings,2022,M03,March,1103.46,0.5
CES0500000011,Avg_Weekly_Earnings,2022,M02,February,1097.91,0.7
CES0500000011,Avg_Weekly_Earnings,2022,M01,January,1090.2,-0.5
CES0500000011,Avg_Weekly_Earnings,2021,M12,December,1095.51,0.8
CES0500000011,Avg_Weekly_Earnings,2021,M11,November,1086.8,0.6
CES0500000011,Avg_Weekly_Earnings,2021,M10,October,1080.56,0.2
CES0500000011,Avg_Weekly_Earnings,2021,M09,September,1078.1,0.6
CES0500000011,Avg_Weekly_Earnings,2021,M08,August,1071.14,0.4
CES0500000011,Avg_Weekly_Earnings,2021,M07,July,1066.97,0.4
CES0500000011,Avg_Weekly_Earnings,2021,M06,June,1062.79,0.1
CES0500000011,Avg_Weekly_Earnings,2021,M05,May,1061.31,0.6
CES0500000011,Avg_Weekly_Earnings,2021,M04,April,1054.68,0.6
CES0500000011,Avg_Weekly_Earnings,2021,M03,March,1048.05,0.8
CES0500000011,Avg_Weekly_Earnings,2021,M02,February,1039.73,-0.7
CES0500000011,Avg_Weekly_Earnings,2021,M01,January,1047.55,0.6
CES0500000011,Avg_Weekly_Earnings,2020,M12,December,1040.87,0.9
CES0500000011,Avg_Weekly_Earnings,2020,M11,November,1031.47,0.3
CES0500000011,Avg_Weekly_Earnings,2020,M10,October,1027.99,0.1
CES0500000011,Avg_Weekly_Earnings,2020,M09,September,1026.95,0.4
CES0500000011,Avg_Weekly_Earnings,2020,M08,August,1023.3,0.6
CES0500000011,Avg_Weekly_Earnings,2020,M07,July,1016.89,0.0
CES0500000011,Avg_Weekly_Earnings,2020,M06,June,1016.55,-1.4
CES0500000011,Avg_Weekly_Earnings,2020,M05,May,1031.28,0.4
CES0500000011,Avg_Weekly_Earnings,2020,M04,April,1027.37,4.9
CES0500000011,Avg_Weekly_Earnings,2020,M03,March,979.69,0.1
CES0500000011,Avg_Weekly_Earnings,2020,M02,February,978.92,0.4
CES0500000011,Avg_Weekly_Earnings,2020,M01,January,975.15,0.2
CES0500000011,Avg_Weekly_Earnings,2019,M12,December,973.43,0.1
CES0500000011,Avg_Weekly_Earnings,2019,M11,November,972.06,0.1
CES0500000011,Avg_Weekly_Earnings,2019,M10,October,971.46,0.3
CES0500000011,Avg_Weekly_Earnings,2019,M09,September,968.7,0.1
CES0500000011,Avg_Weekly_Earnings,2019,M08,August,968.02,0.4
CES0500000011,Avg_Weekly_Earnings,2019,M07,July,964.23,0.2
CES0500000011,Avg_Weekly_Earnings,2019,M06,June,962.17,0.3
CES0500000011,Avg_Weekly_Earnings,2019,M05,May,959.07,0.3
CES0500000011,Avg_Weekly_Earnings,2019,M04,April,955.98,-0.2
CES0500000011,Avg_Weekly_Earnings,2019,M03,March,958.07,0.6
CES0500000011,Avg_Weekly_Earnings,2019,M02,February,952.54,0.1
CES0500000011,Avg_Weekly_Earnings,2019,M01,January,951.86,0.1
CES0500000011,Avg_Weekly_Earnings,2018,M12,December,950.82,0.7
CES0500000011,Avg_Weekly_Earnings,2018,M11,November,943.94,0.0
CES0500000011,Avg_Weekly_Earnings,2018,M10,October,944.27,0.5
CES0500000011,Avg_Weekly_Earnings,2018,M09,September,939.81,0.1
CES0500000011,Avg_Weekly_Earnings,2018,M08,August,938.75,0.4
CES0500000011,Avg_Weekly_Earnings,2018,M07,July,934.95,0.3
CES0500000011,Avg_Weekly_Earnings,2018,M06,June,932.54,0.2
CES0500000011,Avg_Weekly_Earnings,2018,M05,May,930.81,0.3
CES0500000011,Avg_Weekly_Earnings,2018,M04,April,928.4,0.2
CES0500000011,Avg_Weekly_Earnings,2018,M03,March,926.33,0.4
CES0500000011,Avg_Weekly_Earnings,2018,M02,February,922.53,0.4
CES0500000011,Avg_Weekly_Earnings,2018,M01,January,919.17,0.0
CES0500000011,Avg_Weekly_Earnings,2017,M12,December,918.74,0.3
CES0500000011,Avg_Weekly_Earnings,2017,M11,November,915.63,0.4
CES0500000011,Avg_Weekly_Earnings,2017,M10,October,911.6,0.0
CES0500000011,Avg_Weekly_Earnings,2017,M09,September,911.26,0.5
CES0500000011,Avg_Weekly_Earnings,2017,M08,August,907.13,0.1
CES0500000011,Avg_Weekly_Earnings,2017,M07,July,906.44,0.3
CES0500000011,Avg_Weekly_Earnings,2017,M06,June,903.34,0.2
CES0500000011,Avg_Weekly_Earnings,2017,M05,May,901.62,0.1
CES0500000011,Avg_Weekly_Earnings,2017,M04,April,900.59,0.6
CES0500000011,Avg_Weekly_Earnings,2017,M03,March,895.57,0.2
CES0500000011,Avg_Weekly_Earnings,2017,M02,February,894.2,0.0
CES0500000011,Avg_Weekly_Earnings,2017,M01,January,894.4,0.3
CES0500000011,Avg_Weekly_Earnings,2016,M12,December,891.99,0.1
CES0500000011,Avg_Weekly_Earnings,2016,M11,November,890.96,0.0
CES0500000011,Avg_Weekly_Earnings,2016,M10,October,890.96,0.5
CES0500000011,Avg_Weekly_Earnings,2016,M09,September,886.49,0.5
CES0500000011,Avg_Weekly_Earnings,2016,M08,August,881.85,-0.5
CES0500000011,Avg_Weekly_Earnings,2016,M07,July,886.31,0.6
CES0500000011,Avg_Weekly_Earnings,2016,M06,June,881.33,0.2
CES0500000011,Avg_Weekly_Earnings,2016,M05,May,879.95,0.2
CES0500000011,Avg_Weekly_Earnings,2016,M04,April,878.23,0.3
CES0500000011,Avg_Weekly_Earnings,2016,M03,March,875.48,0.3
CES0500000011,Avg_Weekly_Earnings,2016,M02,February,873.07,-0.5
CES0500000011,Avg_Weekly_Earnings,2016,M01,January,877.8,0.8
LNS14000000,Unemployment_Rate,2026,M02,February,4.4,2.3
LNS14000000,Unemployment_Rate,2026,M01,January,4.3,-2.3
LNS14000000,Unemployment_Rate,2025,M12,December,4.4,-2.2
LNS14000000,Unemployment_Rate,2025,M11,November,4.5,
LNS14000000,Unemployment_Rate,2025,M10,October,,
LNS14000000,Unemployment_Rate,2025,M09,September,4.4,2.3
LNS14000000,Unemployment_Rate,2025,M08,August,4.3,0.0
LNS14000000,Unemployment_Rate,2025,M07,July,4.3,4.9
LNS14000000,Unemployment_Rate,2025,M06,June,4.1,-4.7
LNS14000000,Unemployment_Rate,2025,M05,May,4.3,2.4
LNS14000000,Unemployment_Rate,2025,M04,April,4.2,0.0
LNS14000000,Unemployment_Rate,2025,M03,March,4.2,0.0
LNS14000000,Unemployment_Rate,2025,M02,February,4.2,5.0
LNS14000000,Unemployment_Rate,2025,M01,January,4.0,-2.4
LNS14000000,Unemployment_Rate,2024,M12,December,4.1,-2.4
LNS14000000,Unemployment_Rate,2024,M11,November,4.2,2.4
LNS14000000,Unemployment_Rate,2024,M10,October,4.1,0.0
LNS14000000,Unemployment_Rate,2024,M09,September,4.1,-2.4
LNS14000000,Unemployment_Rate,2024,M08,August,4.2,0.0
LNS14000000,Unemployment_Rate,2024,M07,July,4.2,2.4
LNS14000000,Unemployment_Rate,2024,M06,June,4.1,5.1
LNS14000000,Unemployment_Rate,2024,M05,May,3.9,0.0
LNS14000000,Unemployment_Rate,2024,M04,April,3.9,0.0
LNS14000000,Unemployment_Rate,2024,M03,March,3.9,0.0
LNS14000000,Unemployment_Rate,2024,M02,February,3.9,5.4
LNS14000000,Unemployment_Rate,2024,M01,January,3.7,-2.6
LNS14000000,Unemployment_Rate,2023,M12,December,3.8,2.7
LNS14000000,Unemployment_Rate,2023,M11,November,3.7,-5.1
LNS14000000,Unemployment_Rate,2023,M10,October,3.9,5.4
LNS14000000,Unemployment_Rate,2023,M09,September,3.7,0.0
LNS14000000,Unemployment_Rate,2023,M08,August,3.7,5.7
LNS14000000,Unemployment_Rate,2023,M07,July,3.5,-2.8
LNS14000000,Unemployment_Rate,2023,M06,June,3.6,0.0
LNS14000000,Unemployment_Rate,2023,M05,May,3.6,5.9
LNS14000000,Unemployment_Rate,2023,M04,April,3.4,-2.9
LNS14000000,Unemployment_Rate,2023,M03,March,3.5,-2.8
LNS14000000,Unemployment_Rate,2023,M02,February,3.6,2.9
LNS14000000,Unemployment_Rate,2023,M01,January,3.5,0.0
LNS14000000,Unemployment_Rate,2022,M12,December,3.5,-2.8
LNS14000000,Unemployment_Rate,2022,M11,November,3.6,0.0
LNS14000000,Unemployment_Rate,2022,M10,October,3.6,2.9
LNS14000000,Unemployment_Rate,2022,M09,September,3.5,-2.8
LNS14000000,Unemployment_Rate,2022,M08,August,3.6,2.9
LNS14000000,Unemployment_Rate,2022,M07,July,3.5,-2.8
LNS14000000,Unemployment_Rate,2022,M06,June,3.6,0.0
LNS14000000,Unemployment_Rate,2022,M05,May,3.6,-2.7
LNS14000000,Unemployment_Rate,2022,M04,April,3.7,0.0
LNS14000000,Unemployment_Rate,2022,M03,March,3.7,-5.1
LNS14000000,Unemployment_Rate,2022,M02,February,3.9,-2.5
LNS14000000,Unemployment_Rate,2022,M01,January,4.0,2.6
LNS14000000,Unemployment_Rate,2021,M12,December,3.9,-4.9
LNS14000000,Unemployment_Rate,2021,M11,November,4.1,-8.9
LNS14000000,Unemployment_Rate,2021,M10,October,4.5,-4.3
LNS14000000,Unemployment_Rate,2021,M09,September,4.7,-7.8
LNS14000000,Unemployment_Rate,2021,M08,August,5.1,-5.6
LNS14000000,Unemployment_Rate,2021,M07,July,5.4,-8.5
LNS14000000,Unemployment_Rate,2021,M06,June,5.9,1.7
LNS14000000,Unemployment_Rate,2021,M05,May,5.8,-4.9
LNS14000000,Unemployment_Rate,2021,M04,April,6.1,0.0
LNS14000000,Unemployment_Rate,2021,M03,March,6.1,-1.6
LNS14000000,Unemployment_Rate,2021,M02,February,6.2,-3.1
LNS14000000,Unemployment_Rate,2021,M01,January,6.4,-4.5
LNS14000000,Unemployment_Rate,2020,M12,December,6.7,0.0
LNS14000000,Unemployment_Rate,2020,M11,November,6.7,-2.9
LNS14000000,Unemployment_Rate,2020,M10,October,6.9,-11.5
LNS14000000,Unemployment_Rate,2020,M09,September,7.8,-7.1
LNS14000000,Unemployment_Rate,2020,M08,August,8.4,-17.6
LNS14000000,Unemployment_Rate,2020,M07,July,10.2,-7.3
LNS14000000,Unemployment_Rate,2020,M06,June,11.0,-16.7
LNS14000000,Unemployment_Rate,2020,M05,May,13.2,-10.8
LNS14000000,Unemployment_Rate,2020,M04,April,14.8,236.4
LNS14000000,Unemployment_Rate,2020,M03,March,4.4,25.7
LNS14000000,Unemployment_Rate,2020,M02,February,3.5,-2.8
LNS14000000,Unemployment_Rate,2020,M01,January,3.6,0.0
LNS14000000,Unemployment_Rate,2019,M12,December,3.6,0.0
LNS14000000,Unemployment_Rate,2019,M11,November,3.6,0.0
LNS14000000,Unemployment_Rate,2019,M10,October,3.6,2.9
LNS14000000,Unemployment_Rate,2019,M09,September,3.5,-2.8
LNS14000000,Unemployment_Rate,2019,M08,August,3.6,-2.7
LNS14000000,Unemployment_Rate,2019,M07,July,3.7,2.8
LNS14000000,Unemployment_Rate,2019,M06,June,3.6,0.0
LNS14000000,Unemployment_Rate,2019,M05,May,3.6,-2.7
LNS14000000,Unemployment_Rate,2019,M04,April,3.7,-2.6
LNS14000000,Unemployment_Rate,2019,M03,March,3.8,0.0
LNS14000000,Unemployment_Rate,2019,M02,February,3.8,-5.0
LNS14000000,Unemployment_Rate,2019,M01,January,4.0,2.6
LNS14000000,Unemployment_Rate,2018,M12,December,3.9,2.6
LNS14000000,Unemployment_Rate,2018,M11,November,3.8,0.0
LNS14000000,Unemployment_Rate,2018,M10,October,3.8,2.7
LNS14000000,Unemployment_Rate,2018,M09,September,3.7,-2.6
LNS14000000,Unemployment_Rate,2018,M08,August,3.8,0.0
LNS14000000,Unemployment_Rate,2018,M07,July,3.8,-5.0
LNS14000000,Unemployment_Rate,2018,M06,June,4.0,5.3
LNS14000000,Unemployment_Rate,2018,M05,May,3.8,-5.0
LNS14000000,Unemployment_Rate,2018,M04,April,4.0,0.0
LNS14000000,Unemployment_Rate,2018,M03,March,4.0,-2.4
LNS14000000,Unemployment_Rate,2018,M02,February,4.1,2.5
LNS14000000,Unemployment_Rate,2018,M01,January,4.0,-2.4
LNS14000000,Unemployment_Rate,2017,M12,December,4.1,-2.4
LNS14000000,Unemployment_Rate,2017,M11,November,4.2,0.0
LNS14000000,Unemployment_Rate,2017,M10,October,4.2,-2.3
LNS14000000,Unemployment_Rate,2017,M09,September,4.3,-2.3
LNS14000000,Unemployment_Rate,2017,M08,August,4.4,2.3
LNS14000000,Unemployment_Rate,2017,M07,July,4.3,0.0
LNS14000000,Unemployment_Rate,2017,M06,June,4.3,-2.3
LNS14000000,Unemployment_Rate,2017,M05,May,4.4,0.0
LNS14000000,Unemployment_Rate,2017,M04,April,4.4,0.0
LNS14000000,Unemployment_Rate,2017,M03,March,4.4,-4.3
LNS14000000,Unemployment_Rate,2017,M02,February,4.6,-2.1
LNS14000000,Unemployment_Rate,2017,M01,January,4.7,0.0
LNS14000000,Unemployment_Rate,2016,M12,December,4.7,0.0
LNS14000000,Unemployment_Rate,2016,M11,November,4.7,-4.1
LNS14000000,Unemployment_Rate,2016,M10,October,4.9,-2.0
LNS14000000,Unemployment_Rate,2016,M09,September,5.0,2.0
LNS14000000,Unemployment_Rate,2016,M08,August,4.9,2.1
LNS14000000,Unemployment_Rate,2016,M07,July,4.8,-2.0
LNS14000000,Unemployment_Rate,2016,M06,June,4.9,2.1
LNS14000000,Unemployment_Rate,2016,M05,May,4.8,-5.9
LNS14000000,Unemployment_Rate,2016,M04,April,5.1,2.0
LNS14000000,Unemployment_Rate,2016,M03,March,5.0,2.0
LNS14000000,Unemployment_Rate,2016,M02,February,4.9,2.1
LNS14000000,Unemployment_Rate,2016,M01,January,4.8,-4.0
